{
  "description": "项目配置文件，详见文档：https://developers.weixin.qq.com/miniprogram/dev/devtools/projectconfig.html",
  "setting": {
    "urlCheck": true,
    "es6": false,
    "enhance": true,
    "postcss": true,
    "preloadBackgroundData": false,
    "minified": true,
    "newFeature": true,
    "coverView": true,
    "nodeModules": true,
    "autoAudits": false,
    "showShadowRootInWxmlPanel": true,
    "scopeDataCheck": false,
    "uglifyFileName": false,
    "checkInvalidKey": true,
    "checkSiteMap": true,
    "uploadWithSourceMap": true,
    "compileHotReLoad": false,
    "lazyloadPlaceholderEnable": false,
    "useMultiFrameRuntime": true,
    "babelSetting": {
      "ignore": [],
      "disablePlugins": [],
      "outputPath": ""
    },
    "enableEngineNative": false,
    "useIsolateContext": true,
    "userConfirmedBundleSwitch": false,
    "packNpmManually": false,
    "packNpmRelationList": [],
    "minifyWXSS": true,
    "showES6CompileOption": false,
    "useStaticServer": true,
    "disableUseStrict": false,
    "useCompilerPlugins": false,
    "minifyWXML": true,
    "ignoreUploadUnusedFiles": false,
    "condition": false
  },
  "compileType": "miniprogram",
  "simulatorType": "wechat",
  "simulatorPluginLibVersion": {},
  "skeleton-config": {
    "global": {
      "loading": "shine",
      "text": {
        "color": "#EEEEEE"
      },
      "image": {
        "shape": "",
        "color": "#EFEFEF",
        "shapeOpposite": []
      },
      "button": {
        "color": "#EFEFEF",
        "excludes": []
      },
      "pseudo": {
        "color": "#EFEFEF",
        "shape": "react",
        "shapeOpposite": []
      },
      "excludes": [
        "navbar",
        ".slogan-container"
      ],
      "remove": [],
      "empty": [],
      "hide": [],
      "grayBlock": [],
      "showNative": false,
      "backgroundColor": "transparent",
      "mode": "fullscreen",
      "templateName": "skeleton",
      "cssUnit": "rpx",
      "decimal": 4
    },
    "pages": {
      "pages/bus/list/list": {
        "mode": "auto",
        "excludes": [
          "nav-bar",
          ".bus-listdate"
        ],
        "remove": [
          ".tag-back-invert"
        ]
      },
      "pages/bus/book/book": {
        "mode": "auto"
      },
      "pages/bus/orderdetail/orderdetail": {
        "mode": "auto"
      }
    }
  },
  "condition": {
    "plugin": {
      "list": []
    },
    "game": {
      "list": []
    },
    "gamePlugin": {
      "list": []
    },
    "miniprogram": {
      "list": []
    }
  },
  "editorSetting": {
    "tabIndent": "insertSpaces",
    "tabSize": 2
  },
  "libVersion": "2.29.2",
  "packOptions": {
    "ignore": [],
    "include": []
  },
  "appid": "wxc1d00710bcf0acea"
}